slang,formal
woww,wow
aminn,amin
met,selamat
netaas,menetas
keberpa,keberapa
eeeehhhh,eh
kata2nyaaa,kata-katanya
hallo,halo
kaka,kakak
ka,kak
daah,dah
yaa,ya
smga,semoga
slalu,selalu
amiin,amin
kk,kakak
trus,terus
sii,sih
nyenengin,menyenangkan
bgt,banget
gemess,gemas
akuuu,aku
udah,sudah
gitu,begitu
aja,saja
gemesiin,menggemaskan
menyenangkn,menyenangkan
rb,ribu
akau,aku
saranin,menyarankan
nemuin,menemukan
yah,ya
mnis2nya,manis-manisnya
gtu,begitu
tu,itu
idolaa,idola
bangett,banget
kaakk,kak
baaiikkk,baik
telaatt,telat
kaak,kak
yg,yang
lg,lagi
skarang,sekarang
loohhh,loh
yeee,ya
baguuuuus,bagus
ngikutin,mengikuti
bnk,bank
awaas,awas
siip,sip
abizzzz,habis
kerrrrennnn,keren
sayaa,saya
pengen,pengin
kpan,kapan
sma,sama
sdkit,sedikit
bngt,banget
lgu,lagu
bener2,benar-benar
kharismanya,karismanya
aq,aku
jdi,jadi
lgi,lagi
gk,enggak
kek,kayak
lgunya,lagunya
kereeeeennnn,keren
nyamain,menyamakan
lakik,laki
siippp,sip
bkn,bukan
nyangka,menyangka
bangettt,banget
kereeen,keren
wihhhhhh,wih
bingitsss,banget
dmn,dimana
kaloo,kalau
gimna,bagaimana
tuuh,tuh
nyebur,mencebur
yng,yang
dbuat,dibuat
kn,kan
org,orang
pingin,pengin
bangcat,bangsat
yha,ya
waoohhh,wah
pngn,pengin
tmpt,tempat
dhe,deh
indahhh,indah
bgttt,banget
tuhh,tuh
berarto,berarti
aamiin,amin
amiiinn,amin
dgn,dengan
aminnnn2,amin-amin
amiiiin,amin
aminnn,amin
amiend,amien
yaaa,ya
ameen,amin
aminnnn,amin
amiiinnn,amin
ngomong,mengomong
inget,ingat
mamer,memamerkan
keles,kali
jelase,jelas
liat,lihat
uwakk,uwak
ntar,entar
bs,bisa
gini,begini
sampe,sampai
salfok,salah fokus
njir,anjir
piiink,pink
astgfrullah,astagfirullah
ko,kok
cd,celana dalam
gbs,enggak bisa
bhs,bahasa
yaaaaaa,ya
gak,enggak
bangshad,bangsat
stagahhhh,astaga
kpn,kapan
iooo,lo
dy,dia
mslh,masalah
qt,kita
plampiasannn,pelampiasan
masalahh,masalah
tohh,toh
inghinn,ingin
dhi,di
mengherthii,mengerti
yanckh,yang
chelalyyu,selalu
therchakitty,tersakiti
mauuuuu,mau
kaliii,kali
bangat,banget
bkin,bikin
dongg,dong
yokkk,yuk
yu,yuk
sweger,segar
bingiit,banget
kebukaaa,terbuka
yakk,ya
kayakk,kayak
asliii,asli
kyk,kayak
cntiknya,cantiknya
bat,banget
bet,banget
njerr,anjir
bingiiittttzzzz,banget
k,kak
klo,kalau
dooong,dong
masi,masih
gni,begini
hdk,hendak
jugaa,juga
mksud,maksud
aj,saja
pa,apa
bejilbbnya,berjilbabnya
masio,masih
yahhh,ya
makasih,terima kasih
leh,boleh
ugaaa,juga
jerewi,jerawat
ilang,hilang
jilbabnyaah,jilbabnya
yuuuk,yuk
warnaaa,warna
punyaaa,punya
cantiik,cantik
sukaaak,suka
kebayanyaa,kebayanya
mantes,memantas
merekaaaa,mereka
gilaaaa,gila
lucuu,lucu
emessss,gemas
ucullllll,lucu
bangeettt,banget
gemesshh,gemas
apaaa,apa
ampuunn,ampun
yank,sayang
ucul,lucu
yahh,ya
gw,gue
ngakak,mengakak
tpi,tapi
ntik,cantik
pny,punya
dapet,dapat
suru,suruh
lucuuuu,lucu
ketawakkkk,ketawa
bnget,banget
nakutin,menakutkan
malingg,maling
cocokk,cocok
niihh,nih
imutttttt,imut
satuuuuu,satu
sesekk,sesak
nafass,nafas
bgtt,banget
cintaaaaaaa,cinta
lucuk,lucu
ma,sama
duluu,dulu
megang,memegang
liatin,memperlihatkan
ny,nya
d,di
ganteng2,ganteng-ganteng
pcarny,pacarnya
kri,kiri
knpa,kenapa
pda,pada
cmn,cuman
gara2,gara-gara
garuk2,garuk-garuk
tembokk,tembok
namax,namanya
kiriii,kiri
bungkusin,bungkuskan
atu,satu
dehhhh,deh
kakk,kak
ngegantiin,menggantikan
alloh,allah
smpe,sampai
msh,masih
trsa,terasa
khadirannya,kehadirannya
ngapain,mengapai
surgaa,surga
kangenn,kangen
kgn,kangen
kakkkkk,kak
rinduuuuuuuuu,rindu
ninggalin,meninggalkan
smg,semoga
terangkhn,terangkan
bgtttt,banget
knp,kenapa
tuk,untuk
slama,selama
orng,orang
bngunlah,bangunlah
bngun,bangun
hiri,hari
benet,benar
bangetttt,banget
tuu,tuh
bner,benar
ktny,katanya
shbt,sahabat
skrg,sekarang
dimusiumin,dimuseumkan
ga,enggak
bntu,bantu
dlu,dulu
gda,enggak ada
udh,sudah
kangem,kangen
amiiin,amin
smua,semua
sdh,sudah
tnya,tanya
blm,belum
td,tadi
sblm,sebelum
bole,boleh
lahhh,lah
maap,maaf
cm,cuma
syg,sayang
kmrn,kemarin
wkt,waktu
ama,sama
ak,aku
lht,lihat
biasa2,biasa-biasa
mnrtkuu,menurutku
trs,terus
ikutin,mengikuti
jdwl,jadwal
wajiiib,wajib
aaaammmiiiinnnn,amin
dtnggu,ditunggu
jan,jangan
kunjungin,kunjungi
lagiiii,lagi
waktunyaaa,waktunya
diluangin,diluangkan
jga,juga
mimin,admin
istimewaaa,istimewa
blom,belum
kejawab,terjawab
yaaaa,ya
seru2an,seru-seruan
mohom,mohon
kebalas,terbalas
ikutin,ikuti
nyempetin,menyempatkan
wktunya,waktunya
namain,menamai
bls,balas
co,cowok
pst,pasti
inggat,ingat
brdua,berdua
masing2,masih
sanggat,sangat
siipp,sip
laa,lah
smoga,semoga
mndaptkan,mendapatkan
iyah,iya
kakkk,kak
peengn,pengin
tuch,tuh
muantteepp,mantap
cpt,cepat
mrit,merit
y,ya
ngapasih,mengapa sih
ni,ini
segitunya,sebegitunya
fto,foto
pke,pakai
slamt,selamat
nantiii,nanti
ciyeeeeeee,cie
pantes,pantas
lairannya,kelahirannya
jmnya,jamnya
ajha,saja
nyaaaa,nya
nyari,mencari
amiien,amien
terbaikkk,terbaik
ayahh,ayah
ae,saja
ndak,tidak
ngerti,mengerti
mrekaaaa,mereka
yaampuuuunnnn,ya ampun
nyanyiin,menyanyikan
ahhh,ah
pgen,pengin
tempt,tempat
kh,kah
bgini,begini
brani,berani
km,kamu
jalan2,jalan-jalan
asyikkkkk,asyik
iriiiii,iri
naaaaahh,nah
makkk,mak
guee,gue
pengennn,pengin
gilzz,gila
nyaru,menyaru
gilaaa,gila
jd,jadi
kebarat2an,kebarat-baratan
ohh,oh
mantabs,mantap
jgan,jangan
mlu,malu
payahh,payah
ntaf,mantap
beneran,benaran
gada,enggak ada
milikin,memiliki
kamo,kamu
inih,ini
syantik,cantik
sukaaaa,suka
sukaaaaaa,suka
kirain,mengira
mehoonggggg,mahal
apikkkk,apik
yach,ya
kereenn,keren
ginii,begini
ayoook,ayo
yoiii,yoi
gituuu,begitu
iyaaa,iya
pgn,pengin
liptsk,lipstik
dr,dari
nyeplak,menjiplak
tauu,tau
skitar,sekitar
ktmu,ketemu
tmen,teman
ats,atas
donk,dong
kkak,kakak
sihhh,sih
cooocok,cocok
mrip,mirip
mama.nyy,mamanya
kmu,kamu
bukn,bukan
sey,sih
cantikkk,cantik
banger,banget
kaa,kak
eakyu,waktu
cntik,cantik
kakanya,kakaknya
doeloe,dulu
cantikkkk,cantik
bngtt,banget
iyak,iya
malh,malah
mlah,malah
ngak,enggak
brp,berapa
tnggl,tanggal
ky,kaya
sklinyaa,sekalinya
ayoo,ayo
w,gue
dramaa,drama
niiih,nih
bisaa,bisa
lha,lah
dunk,dong
lihaat,lihat
yuwkkk,yuk
mw,mau
thu,tuh
kereen,keren
nama.a,namanya
kmauan,kemauan
ahhhh,ah
yuuuuk,yuk
dmana,dimana
disiniii,disini
cobaa,coba
bayangin,bayangkan
yaudh,ya sudah
dl,dulu
ajaaa,saja
tuhhh,tuh
amploppp,amplop
mo,mau
sayangg'',sayang-sayang
nantii,nanti
aminnnnn,amin
gakuat,enggak kuat
yukkkk,yuk
nged,banget
nantik,nanti
ksitu,kesitu
bangeett,banget
liad,lihat
kluarga,keluarga
biasahhh,biasa
tutorialx,tutorialnya
dpke,dipakai
fhoto,foto
kerenn,keren
binggo,banget
rekomndd,rekomendasi
bli2n,beli-belikan
bwt,buat
wado,waduh
guaa,gua
yaakkk,ya
bangetttttyt,banget
bangettttt,banget
bangg,bang
kangeeeeeeeeennnnnnnn,kangen
kaliannnnnn,kalian
rinduuuuuuuuuu,rindu
kangennnnnmnnnnnnnnnnnnnnnnn,kangen
kaliannnnnm,kalian
kangeeeeeeeeeeennnnn,kangen
kangennnnnnnnnnnnnnnn,kangen
kangennn,kangen
kaliannnnnnn,kalian
kangeeerrn,kangen
pulak,pula
terrrrbaik,terbaik
jorookknya,joroknya
ihhhhh,ih
padahall,padahal
jorokkkk,jorok
mualll,mual
muke,muka
ajh,saja
taiiii,tahi
seneeeeeng,senang
nyesel,menyesal
besarin,membesarkan
tanyang,tayang
ber2,berdua
jngan,jangan
ngelarang,melarang
pantess,pantas
bngettt,banget
baperr,bawa perasaan
sudh,sudah
sbr,sabar
pngen,pengin
nntn,menonton
jg,juga
nyampe,sampai
kbawa,terbawa
bradegan,beradegan
sm,sama
baper,bawa perasaan
amiiinnnn,amin
liyat,lihat
krn,karena
sk,suka
adengan,adegan
engga,enggak
bingit,banget
sitayngin,ditayangkan
cocokkk,cocok
mahhhh,mah
iniw,ini
q,ku
setju,setuju
bnern,benaran
pcrn,pacaran
klian,kalian
cocokkkk,cocok
bngett,banget
abes,habis
br,baru
mksdny,maksudnya
brpa,berapa
ihh,ih
kesampean,kesampaian
beginiiii,begini
ntr,entar
beliin,membelikan
kya,kaya
keq,kek
ngeliat,melihat
ngerasa,merasa
sygkuu,sayangku
ngeselin,mengesalkan
baju'a,bajunya
bg,bang
ubur2,ubur-ubur
niiihh,nih
imuuttt,imut
imuttzz,imut
nha,nya
konten2,konten-konten
rasain,rasai
daaaah,deh
asliiii,asli
cantiknnnnyaaaaaaa,cantiknya
ngelihatnya,melihatnya
bdn,badan
na,nya
ibu2,ibu-ibu
lau,kau
cantikk,cantik
sexxi,seksi
ituu,itu
ngocok,mengocok
nyoba,mencoba
gn,begini
yaahhh,ya
kencqng,kencang
kra,kira
diginikan,dibeginikan
gambarin,gambarkan
ngerii,ngeri
digambarin,digambarkan
klen,kalian
bangke,bangkai
tp,tapi
kog,kok
liatnya,lihatnya
bedanyaaa,bedanya
negri,negeri
mbk,mbak
pgin,pengin
maksutku,maksudku
kerennnnn,keren
manisnyaaaa,manisnya
thun,tahun
mbg,mbak
bangeet,banget
ngaco,mengaco
ngomen,mengomentari
gituh,begitu
tenggah,tengah
uuuuuaaaaaaaaaappppppppppiiiiiiiiiiiiiiiiiikkkkkkkkkkkkkkkk,apik
kocakkkkkkkkkkkkkk,kocak
ksukaanmuuu,kesukaanmu
bagiii,bagi
ayooo,ayo
nontonx,menontonnya
dpn,depan
pi,tapi
penasarannnn,penasaran
gilakkkkkk,gila
mauuu,mau
nontoonnn,menonton
cepet2,cepat-cepat
kepingin,pengin
nontonnnn,menonton
deeek,dek
ntappp,mantap
deg2an,deg-degan
cyiiin,cinta
iyha,iya
pake,pakai
ngantri,mengantri
bli,beli
nraktir,mentraktir
nonton,menonton
sbnyak,sebanyak
penasaraaann,penasaran
asikkk,asik
gilak,gila
mcm,macam
ceritax,ceritanya
yoooiii,yoi
daah,deh
kuy,yuk
udahh,sudah
tauuuuu,tau
ngga,enggak
sabarrrrr,sabar
kqmu,kamu
banggain,banggakan
sendeng,senang
simpen,simpan
gakk,enggak
nangis,menangis
kapn,kapan
barang2,barang-barang
kirimin,mengirimi
senengin,senangi
ngasih,mengasih
ampunnnn,ampun
bln,bulan
senengg,senang
teruzzz,terus
mantabb,mantap
sumpahh,sumpah
anjirrrr,anjir
jendess,janda
dh,deh
sichh,sih
namnya,namanya
geh,gih
nggak,enggak
22nya,dua-duanya
aduuhhh,aduh
miripp,mirip
silauuu,silau
waww,wow
uga,juga
njiirr,anjir
bgs,bagus
kesinii,kesini
gemay,gemas
dstu,disitu
wiiiihhhh,wih
samoga,semoga
kereennn,keren
mudah2,mudah-mudah
jugaakk,juga
prnh,pernah
diapa2in,diapa-apai
yaak,ya
lhoo,loh
mnta,minta
donx,dong
gthu,begitu
nda,tidak
maauuu,mau
pacarrr,pacar
idamann,idaman
naturalllll,natural
bnyak,banyak
berntung,beruntung
merka,mereka
jln2,jalan-jalan
romntis,romantis
slamat,selamat
ulan,ulang
mngkin,mungkin
klau,kalau
diksi,dikasih
sipp,sip
taun,tahun
keciill,kecil
ughaa,juga
thn,tahun
banged,banget
abeees,habis
kapan2,kapan-kapan
adain,mengadakan
bsa,bisa
bosen2,bosan-bosan
sempurnaaaaa,sempurna
beneraan,benaran
cantiiik,cantik
kuatttt,kuat
cantiiiiiiik,cantik
cantiknyaaa,cantiknya
bae2,baik-baik
bgd,banget
mb,mbak
catiiiiik,cantik
subahanallah,subhanallah
jaman2nya,jaman-jamannya
dapetin,mendapati
padet,padat
buktiin,buktikan
keeeerrrreeeennnnnnnnn,keren
woow,wow
skrang,sekarang
lohh,loh
hadirrr,hadir
hadirr,hadir
jelashh,jelas
mbaaa,mbak
temen,teman
hidupppp,hidup
para2,parah-parah
bangeeet,banget
allahhhhhhh,allah
gemesnya,gemasnya
ilang2,hilang-hilang
kmi,kami
diputusin,diputuskan
artis2,artis-artis
ninggiin,meninggikan
baget,banget
kl,kalau
ngk,enggak
ahh,ah
pas2an,pas-pasan
gausah,enggak usah
sukaaa,suka
lutuna,lucunya
ciapa,siapa
gemesss,gemas
duhh,duh
terharuuu,terharu
ngegemesin,menggemaskan
imoet,imut
jagain,jaga
yahbh,ya
msih,masih
sktika,seketika
lutu,lucu
wowwww,wow
massss,mas
kesiniii,kesini
masyaallahhh,masyaallah
kerennn,keren
ksni,kesini
begok,bego
bkan,bukan
it,itu
nti,nanti
pgi,pagi
keeeeeren,keren
baguusss,bagus
mna,mana
nahannnn,tahan
bagaatt,banget
gayannxa,gayanya
kereeeen,keren
xlian,kalian
b3,bertiga
ihhh,ih
nyebelin,menyebalkan
lcu,lucu
pait,pahit
koplakkk,koplak
kerass,keras
yachhh,ya
gokil,gila
iiihhhhh,ih
nyolotinnnn,menyolot
beratttttttt,berat
cantiikkkk,cantik
hijaabbb,hijab
sekalii,sekali
smnagatin,menyemangati
pakek,pakai
kanapa,kenapa
cans,cantik
banhet,banget
bgttttttt,banget
blng,bilang
mngasi,mengasih
kmbang,kembang
pg,pagi
nie,ini
nda,indak
pla,pula
kw,kau
blakon,berlakon
sy,saya
nmpk,nampak
lucukkkkk,lucu
sbelah,sebelah
baek,baik
ciusss,serius
palinf,paling
fav,favorit
maak,mak
ngakaaaakkk,mengakak
gokill,gila
kocakkkkkk,kocak
bng,bang
nyatakan,menyatakan
graaatiiiis,gratis
meriahh,meriah
cantikkkm,cantik
parahh,parah
bingits,banget
yuppss,ya
nyindir,menyindir
onoh,sono
bnyk,banyak
anakny,anaknya
staf2nya,staf-stafnya
ajaa,saja
begete,banget
manteppp,mantap
kata2nya,kata-katanya
ynk,sayang
jgn2,jangan-jangan
sbaiknya,sebaiknya
mngerti,mengerti
blajar,belajar
fakta2,fakta-fakta
spt,seperti
ckup,cukup
mnding,mending
lgsg,langsung
nilai2,nilai-nilai
buka2,buka-buka
nyinyirin,nyinyir
pdhl,padahal
pd,pada
nyerang,menyerang
hrs,harus
mrk,mereka
trima,terima
ksh,kasih
ngomomg,mengomong
mang,memang
kbetulan,kebetulan
orgtuanya,orang tuanya
sbelum,sebelum
ngamatin,mengamati
ngintip,mengintip
stelah,setelah
sndiri,sendiri
ngintilin,mengintil
smnjak,semenjak
trbukti,terbukti
nyambet,menyambat
msk,masuk
krmh,ke rumah
rmh,rumah
anak2nya,anak-anaknya
tdnya,tadinya
ank2nya,anak-anaknya
milih,memilih
branjak,beranjak
ank2,anak-anak
masyarakay,masyarakat
mudah2an,mudah-mudahan
utk,untuk
menegerti,mengerti
hdpnya,hidupnya
apa2,apa-apa
sok2,sok-sok
nasehatin,menasihati
ngaca,mengaca
ajah,saja
kakkkk,kak
slamet,selamat
ampe,sampai
nari,menari
ehh,eh
mf,maaf
bru,baru
ngcpin,mengucapkan
woowwww,wow
iaa,ya
wihh,wih
tetapppp,tetap
gantenggg,ganteng
jakety,jaketnya
nggk,enggak
skli,sekali
kli,kali
ttp,tetap
pala,kepala
pusingggg,pusing
pucing,pusing
ihhhh,ih
maho,manusia homo
gpp,enggak apa-apa
gantng,ganteng
alak,kepala
akn,akan
hilangv,hilang
bungggg,bung
kyak,kayak
pling,paling
byk,banyak
gokiiill,gila
busedh,buset
gokilnya,gilanya
duluuu,dulu
keceee,kece
nyaa,nya
klu,kalau
gilaa,gila
duuhhh,duh
tetep,tetap
amiiiiinnnnn,amin
durhaka2,durhaka-durhaka
q,aku
ajja,saja
dech,deh
oprasi,operasi
gya,gaya
tuuu,itu
ngurusan,mengurusi
campurin,mencampuri
emnknya,memangnya
unyuu,unyu
kndung,kandung
mrangkul,merangkul
adlh,adalah
g,enggak
wlo,walau
sperti,seperti
lh,lah
manusiy,manusia
tx,tak
samara,sakinah mawadah rahman
klw,kalau
teringt,teringat
trmsuk,termasuk
ank,anak
dn,dan
pilihnmu,pilihanmu
swmntara,sementara
trmasuk,termasuk
dlm,dalam
orang2,orang-orang
sgt,sangat
jadulnya,jaman dulunya
mantaff,mantap
ngata2in,mengata-ngatai
mulusssss,mulus
bgus,bagus
gmana,bagaimana
kpleset,kepleset
yawlah,ya allah
kepeleset,kepleset
kayanye,kayanya
amiinnnn,amin
komen2an,komen-komenan
wewww,wow
dumsss,dong
tar,entar
keq,kayak
perbaikin,memperbaiki
permasalhkan,permasalahkan
jauhin,jauhi
dateng,datang
dkuburnya,dikuburnya
elo,lo
bener,benar
donks,dong
ngajak,mengajak
ngebolehin,membolehkan
smog,semoga
mnerima,menerima
baikxa,baiknya
aaamin,amin
amienn,amien
sekangen2,sekangen-kangen
jln,jalan
amiiiiiiiiiinnnnnnn,amin
nolongin,menolong
amiiiiiiiiiiin,amin
seluru,seluruh
amiennn,amien
klow,kalau
tebir,ribet
wong2,wong-wong
rempong,repot
ngurusin,mengurusi
kerjaan,pekerjaan
bingittzz,banget
bangets,banget
ikh,ih
dwh,deh
komenannya,komentarnya
ush,usah
cock,cocok
mksh,terima kasih
pnjang,panjang
shat,sehat
inginkn,inginkan
belanjaa,belanja
burem,buram
gmn,bagaimana
kancang,kencang
tmbh,tambah
mansyoallah,masyaallah
skali,sekali
canttttikkk,cantik
subhanalloh,subhanallah
stiap,setiap
lkuin,lakukan
ttep,tetap
langgenh,langgeng
pkai,pakai
org2,orang-orang
mkn,makin
seneng,senang
pdng,padang
warbiyasah,luar biasa
pk,pakai
keedaannya,keadaannya
lagu2,lagu-lagu
saya2,saya-saya
tunggu2,tunggu-tunggu
sekrng,sekarang
lagu2nya,lagu-lagunya
ttap,tetap
emng,memang
perubut,perebut
sumai,suami
hdp,hidup
tk,tak
tdk,tidak
sprti,seperti
urusin,mengurusi
apah,apa
bagus2,bagus-bagus
say,sayang
sekarng,sekarang
sbg,sebagai
mmbela,membela
mslhnya,masalahnya
hnya,hanya
sndri,sendiri
sj,saja
llki,lelaki
dluar,diluar
sna,sana
maluuuu,malu
beda2,beda-beda
x,kali
masing2,masing-masing
ape,apa
nyet,monyet
muna,munafik
jing,anjing
tot,entot
nihh,nih
ttg,tentang
dpt,dapat
hidiyah,hidayah
dng,dengan
termurahhh,termurah
anak2,anak-anak
ngasih2,mengasih-ngasih
berfikir,berpikir
ni,nih
amit2,amit-amit
mba,mbak
kasian,kasihan
elu,lu
ngajuin,mengajukan
tiba2,tiba-tiba
jkt,jakarta
laki2,laki-laki
terbaeq,terbaik
namany,namanya
jels,jelas
diakibtkn,diakibatkan
suk,suka
jelek2,jelek-jelek
dsrny,dasarnya
jkrta,jakarta
main2,main-main
lanjutkaaaaan,lanjutkan
hiduppp,hidup
ncek,encek
hokiii,hoki
naksir,menaksir
tw,tau
nafkahin,menafkahi
ngitem,menghitam
gx,enggak
lhat,lihat
ja,saja
cantika,cantik
cwek,cewek
kngen,kangen
fillm,film
emg,memang
lbh,lebih
sinet,sinetron
jendral,jenderal
nanya,tanya
maenya,mainnya
cantiks,cantik
wktu,waktu
pilm,film
cini,sini
jaaangan,jangan
uda,sudah
nambah,bertambah
naek,naik
terimaksih,terima kasih
inii,ini
kaannnn,kan
tidakkkk,tidak
kemuh,kamu
da,sudah
tgl,tanggal
pinginnn,pengin
buanget,banget
ketemuuu,ketemu
kebawa,terbawa
mimpiii,mimpi
wanjerrr,anjir
satupunn,satupun
motret,memotret
temen2,teman-teman
lapakk,lapak
nyeniii,menyeni
bget,banget
seeh,sih
abis,habis
lebayy,lebay
gilsss,gila
nganbek,mengambek
sukaa,suka
enk,enak
mendam,memendam
la,lah
maen,main
manta,mantan
relaaaa,rela
bgun,bangun
tdur,tidur
cntk,cantik
kt,kita
anugrah,anugerah
slm,salam
knl,kenal
kliatan,kelihatan
awoohhh,allah
cantiikk,cantik
gt,begitu
sbbyak,sebanyak
apun,apapun
indo,indonesia
nyangkutnya,menyangkutnya
untk,untuk
sihh,sih
ampunnnnn,ampun
hy,hai
wadaaw,waduh
paraah,parah
sampw,sampai
dijelekin,dijelekkan
napa,kenapa
azeeeek,asik
kalii,kali
ntikk,cantik
uhh,uh
mnisss,manis
tambahim,tambahkan
tambahin,tambahkan
make,memakai
dg,dengan
canttikkk,cantik
baanggeettt,banget
ap,apa
siiihh,sih
krpoooo,kepo
pengn,pengin
nyusul,menyusul
nyok,yuk
dekkk,dek
da,ada
ygs,sayang
dahh,deh
mblooo,jomblo
ber'expresi,berekspresi
bgtu,begitu
jdulnya,judulnya
ciumman,ciuman
aurot,aurat
laginy,laginya
nyaaaaaaaaaaaaa,nya
ktnya,katanya
anjirrr,anjir
ngeh,engah
amen,amin
ngmngnya,mengomongnya
fotony,fotonya
ciyeeee,cie
yeeee,ya
nget,banget
kususnya,khususnya
krm,kirim
sam,sama
ajaaahhhhh,saja
syediiihhh,sedih
yaakk,ya
kebukti,terbukti
anak2e,anak-anaknya
tuwanya,tuanya
plg,pulang
smbil,sambil
hellooooooo,halo
ngrebut,merebut
taek,tahi
lupain,melupakan
bangkret,bangkrut
ngmng,mengomong
taekk,tahi
lahhhhhh,lah
kedokk,kedok
nyimak,menyimak
komenx,komennya
serem2,seram-seram
sekrang,sekarang
ngerebut,merebut
mnjijikaaaaaan,menjijikkan
astgfrlh,astagfirullah
sahabatt,sahabat
gnyngka,enggak menyangka
ngomentnya,mengomentarinya
bilangg,bilang
dri,dari
gkhianati,mengkhianati
kpd,kepada
hdup,hidup
skr,sekarang
hr,hari
sp,siapa
pljaran,pelajaran
spy,supaya
mngikuti,mengikuti
klkuan,kelakuan
kasiannn,kasihan
mgkin,mungkin
syekaliii,sekali
ngelihat,melihat
hgga,hingga
ngiri,mengiri
cieeeee,cie
sholihah,salihah
adeuh,aduh
halahh,alah
luu,lu
yuuks,yuk
yoo,ayo
ginian,beginian
judulnyaa,judulnya
ato,atau
ayoookkkkkk,ayo
cwo,cowok
artix,artinya
cewe,cewek
cowo,cowok
lt,lantai
serem,seram
kepoin,mengepoi
keluarin,mengeluarkan
gajelas,enggak jelas
mbak2,mbak-mbak
pedes,pedas
komentnya,komentarnya
omongin,mengomongkan
ngebela,membela
kurng,kurang
ortunya,orang tuanya
woey,woy
bloghhh,goblok
ngomongin,mengomongkan
doank,doang
dikata2in,dikata-katai
dah,deh
jngn,jangan
gimana,bagaimana
mnjawab,menjawab
woooiiiiiiii,woy
dosaaaaaaaaaa,dosa
ingt,ingat
karmaaa,karma
woooiiiii,woy
wihhh,wih
kakakkk,kakak
ngets,banget
stp,setiap
penbelian,pembelian
cuaantik,cantik
yak,ya
cucokkk,cocok
lyt,lihat
expresi,ekspresi
natap,menatap
ccok,cocok
helloo,halo
emang,memang
mh,mah
dripada,daripada
sama2,sama-sama
cakepp,cakep
ngiriii,mengiri
coxok,cocok
buatin,buatkan
nihhh,nih
statusx,statusnya
cem,macam
yee,ya
sunggu,sungguh
lagiii,lagi
denger,dengar
ammiiin,amin
haddeh,aduh
segerrrr,segar
kemn,kemana
suipit,sipit
sipiit,sipit
kedengeran,kedengaran
kebayang,terbayang
amiinn,amin
ammin,amin
mendapatkn,mendapatkan
lucuuuk,lucu
yaoloh,yaallah
ngerayain,merayakan
sotoy,sok tau
yok,yuk
buatin,membuat
d.bikinin,dibikin
mmz,mas
bikinin,bikin
diginiin,dibeginikan
krenn,keren
blg,bilang
kebykan,kebanyakan
tingal,tinggal
pernikahn,pernikahan
ngtain,mengatai
macem,macam
bagusnyeee,bagusnya
kemaren,kemarin
hmpir,hampir
dehh,deh
liatnyaaa,lihatnya
waw,wow
mbuh,embuh
bsk,besok
sya,saya
yaah,ya
waaa,wah
berbiiiiiihhh,barbie
canteek,cantik
goncengin,boncengkan
kasi,kasih
ngantar,mengantar
nganterin,mengantarkan
ati2,hati-hati
yeuh,ya
dianterin,diantar
kmn,kemana
anterin,antarkan
dianter,diantar
disupirin,disopiri
jangan2,jangan-jangan
ciee,cie
novembr,november
hri,hari
bedain,membedakan
genduut,gendut
ehhh,eh
bertatto,bertato
brrt,berarti
kana,kanan
dtg,datang
doong,dong
cew,cewek
sblah,sebelah
tauuu,tau
tengaj,tengah
ps,pas
gmpg,gampang
engk,enggak
dak,indak
rupa2nya,rupa-rupanya
kembaq,kembar
ketuker,tertukar
edaaaan,edan
syp,siapa
bcnda,bercanda
uhhh,uh
bazengg,bajingan
haiii,hai
komentar2,komentar-komentar
hati2,hati-hati
cma,cuma
krna,karena
sblmnya,sebelumnya
maksd,maksud
adkah,adakah
menbelah,membelah
karna,karena
ayuk,ayo
mngira,mengira
bertolernsi,bertoleransi
slahkan,salahkan
tolernsi,toleransi
sbnarnya,sebenarnya
ingi,ingin
oalaaaa,walah
aneh2,aneh-aneh
sedihh,sedih
kangennnn,kangen
gndakan,gandakan
kangeeeeeeeenya,kangen
kgeeeen,kangen
kangeenn,kangen
bangeeeet,banget
tnang,tenang
bsok,besok
hbis,habis
mti,mati
bngetttt,banget
kangeen,kangen
kngenn,kangen
kangeeeeennn,kangen
dgr,dengar
lagii,lagi
dasyat,dahsyat
aer,air
bgni,begini
skalii,sekali
alm,almarhum
gg,enggak
dtinggl,ditinggal
terbaiiikkkkk,terbaik
murahhh,murah
pecahhg,pecah
kakakgh,kakak
terbaeeeek,terbaik
prempuan,perempuan
manteep,mantap
indonesiaaa,indonesia
inia,ini
ntapsss,mantap
kamiiii,kami
sll,selalu
smangat,semangat
bc,baca
qmu,kamu
sdkit2,sedikit-sedikit
tntg,tentang
penyakitny,penyakitnya
ngajarin,mengajari
smakin,semakin
laenny,lainnya
amiinnn,amin
scpatny,secepatnya
sampein,sampaikan
tuany,tuanya
pjg,panjang
adeeek,adek
nangiss,menangis
sayaang,sayang
klg,keluarga
msg2,masing-masing
siiihhh,sih
mupeng,muka pengin
caya,percaya
aduhhhhhhhhh,aduh
buseett,buset
mblo,jomblo
males,malas
lucuuu,lucu
gagahx,gagahnya
miriiiip,mirip
kaliiii,kali
wahh,wah
niru,meniru
bpknya,bapaknya
bpkmu,bapakmu
aje,saja
sangt,sangat
baang,bang
gasih,enggak sih
yuu,yuk
aqu,aku
yuuu,yuk
yukk,yuk
gantengg,ganteng
samaa,sama
ngademin,mengademkan
aahh,ah
makasi,terima kasih
looo,loh
keluarin,keluarkan
yokk,yuk
gils,gila
ono,sono
weeeh,wih
bagiin,membagikan
suksea,sukses
temenan,berteman
sehh,sih
deket,dekat
dekt,dekat
genggg,geng
njirr,anjir
bhnya,bahannya
loo,loh
samaaaa,sama
abanggku,abangku
sayanggg,sayang
dsni,disini
ciieeeeeee,cie
kokohh,engkoh
pdhal,padahal
takuttt,takut
dung,dong
latian,latihan
soga,moga
tteh,teteh
sintron,sinetron
astagaa,astaga
ancurrr,hancur
iaa,iya
dblkang,dibelakang
yayang,sayang
gokillllll,gila
aplks,aplikasi
ska,suka
ktawa,ketawa
baguuus,bagus
kaaan,kan
ngepoin,mengepoi
uuhh,uh
njirrr,anjir
bosen,bosan
dongggg,dong
qu,ku
hatii,hati
besook,besok
mauu,mau
gtuu,begitu
njayyy,anjay
maacih,terima kasih
tokayyy,tahi
to,tapi
mksdku,maksudku
gituin,begitukan
lgsung,langsung
cba,coba
nh,nih
giniin,beginikan
kaaa,kak
kubarikan,kuberikan
ayank,sayang
anyeng,anjing
yankkk,sayang
cukurrr,cukur
gilaaaaaa,gila
yhaaa,ya
qaqaaaa,kakak
sayangkuuuuu,sayangku
kakakuuu,kakakku
banx,bang
bape,bawa perasaan
telimakacih,terima kasih
keliatan,kelihatan
cantiiiik,cantik
didapet,didapat
tanya2,tanya-tanya
kuningggg,kuning
mz,mas
nyolot,menyolot
kakk,kakak
elahh,alah
syantiiiiikkkkkkkkkkkk,cantik
hijabb,hijab
lbih,lebih
ngetik,mengetik
ntah,entah
pan,kapan
mateeeek,mati
geetoo,begitu
kokkk,kok
muluuu,melulu
yaaang,yang
iyaa,iya
gituu,begitu
yappp,ya
uwahhhhh,wah
bnr2,benar-benar
psgn,pasangan
ujg,ujung
rmbut,rambut
smp,sampai
kki,kaki
mreka,mereka
hayukk,hayo
ntab,mantap
atuhhh,atuh
yukss,yuk
lihaatttt,lihat
niiiihh,nih
liattt,lihat
cuyyy,cuy
liatiii,lihat
jombsss,jomblo
emesshhh,gemas
gemeessss,gemas
poollll,pol
gemesyak,gemas ya
bngttt,banget
ngegmesin,menggemaskan
hndak,hendak
hndk,hendak
iiih,ih
lutunaa,lucunya
ngareppppp,mengharap
aamiinin,amin
tay,tahi
nyaaa,nya
toketnya,teteknya
tumpe2,tumpah-tumpah
lenje,lenjeh
tuuuuh,tuh
cantinya,cantiknya
pyudara,payudara
ngatain,mengatai
bgitu,begitu
ngomongnya,mengomongnya
sich,sih
cantiik2,cantik-cantik
ngilang,menghilang
dikatain,dikatai
maluuu,malu
brisi,berisi
pkoknya,pokoknya
astagfirullh,astagfirullah
nutupin,menutupi
kakakaaaaaaaaaaaaaa,kakak
cantikkkkkkkk,cantik
cantiq,cantik
batwc,banget
kamyuhhh,kamu
dbwh,dibawah
pede,percaya diri
awal2,awal-awal
setabil,stabil
maksih,terima kasih
buktiin,membuktikan
setujuuu,setuju
digituin,dibegitukan
sekolahin,sekolahkan
ajarin,ajarkan
sendirii,sendiri
mrnghadapi,menghadapi
bgmn,bagaimana
apalg,apalagi
naka,nakal
bacahalah,bacalah
dikerasin,dikerasi
gkkan,enggak akan
ngulangin,mengulangi
bedaa,beda
pnyaa,punya
bol3h,boleh
ngadu,mengadu
ketauan,ketahuan
dimarahin,dimarahi
manjain,memanjakan
skrng,sekarang
nyelesain,menyelesaikan
troma,trauma
kerasin,kerasi
skg,sekarang
ngatur,mengatur
koment,komentar
byak,banyak
kepad,kepada
bantuanny,bantuannya
ttinggi,tinggi
komentarin,komentari
bijak2,bijak-bijak
menurur,menurut
tipe2,tipe-tipe
diliat,dilihat
liatlah,lihatlah
teguran2,teguran-teguran
gr2,gara-gara
gamau,enggak mau
skolah,sekolah
pdahal,padahal
klas,kelas
krena,karena
tkut,takut
grunya,gurunya
pndah,pindah
tinggalin,tinggalkan
thdp,terhadap
tsb,tersebut
scr,secara
bhkn,bahkan
justeru,justru
ngatai,mengatai
kln,kalian
sukak,suka
ngajar,mengajar
termuraaahhhh,termurah
kmaren,kemarin
ambilin,mengambil
biasaaaa,biasa
luaarrr,luar
biasaaa,biasa
jadilh,jadilah
bnr,benar
terhaaru,terharu
orrunya,orang tuanya
ortu,orang tua
kka,kakak
flm,film
loncatt,loncat
hampasss,hempas
tehh,teh
bunga2,bunga-bunga
apaaan,apaan
ampuuunn,ampun
daaah,dah
bangetttttt,banget
ituh,itu
cantiiikk,cantik
suaranyaaaaaa,suaranya
idoolaaa,idola
wiih,wih
apaa,apa
miriip,mirip
kaaaa,kak
allaahh,allah
ajahhh,saja
trims,terima kasih
dehat,sehat
buruann,buruan
trussss,terus
ngalir,mengalir
teruss,terus
boong,bohong
hub,hubungi
mkin,makin
kasiatnya,khasiatnya
nyaranin,menyarankan
suksess,sukses
th,tahun
ucull,lucu
syngnya,sayangnya
kocakkk,kocak
dasarrr,dasar
waaaaw,wow
cantikx,cantiknya
fatanik,fanatik
protestin,protestan
kakau,kalau
slh,salah
marh,marah
emngnya,memangnya
cooooooocok,cocok
pkk,pakai
sling,saling
luco,lucu
ultha,ultah
batikk,batik
gemes,gemas
dipake,dipakai
luchu,lucu
baguss,bagus
sedihhh,sedih
syang,sayang
pinter,pintar
ngasi,mengasih
qta,kita
cb,coba
naaaak,nak
astafirullah,astagfirullah
msuk,masuk
peragain,peragakan
shayyy,say
anjaayy,anjay
shay,say
woyyy,woy
shaaaay,say
hempaass,hempas
sayyy,say
njay,anjay
hehh,eh
cantik2,cantik-cantik
kam,kamu
sblh,sebelah
gag,enggak
nawarin,menawari
amiiiiin,amin
waaahhh,wah
ajakin,mengajak
mntn,mantan
ade,adek
luhhh,lu
yooookkk,yuk
mksd,maksud
jrnk,jarang
anjirr,anjir
mirippp,mirip
sangattt,sangat
iyap,iya
mayann,lumayan
autuhh,tau tuh
atutt,takut
ketara,tertara
giniii,begini
mbaaass,mbak
bund,bunda
bangeeettt,banget
almh,almarhumah
temenkuuh,temanku
mmg,memang
suami'y,suaminya
ori,orisinal
bngeeeetttt,banget
entr,entar
kyax,kayak
ea,ya
cuantikkk,cantik
mksdnya,maksudnya
cwe,cewek
namain,namai
kaaaaaaaaaakkkkkkkkkkk,kak
z,saja
kalw,kalau
tips2,tips-tips
alu,aku
ngerrrriiii,ngeri
model2,model-model
ngriii,mengiri
amatt,amat
smpai,sampai
saranin,sarankan
th,teh
tmbah,tambah
cntikk,cantik
pkee,pakai
biasaa,biasa
stju,setuju
cantikkkkkk,cantik
dilepas2,dilepas-lepas
tehhh,teh
istiqomahhh,istikamah
tehhhh,teh
amu,kamu
nahh,nah
jilbb,jilbab
ngecek,cek
cuyy,cuy
astauviruloh,astagfirullah
paaak,pak
diajarin,diajari
gawl,gaul
kecr,kece
iih,ih
aned,banget
gingsungny,gingsulnya
blh,boleh
cariin,carikan
kenceng,kencang
cuanti,cantik
mbanya,mbaknya
lh,boleh
knlan,kenalan
mbaakk,mbak
komenan,komentar
lagu'y,lagunya
jadiin,jadikan
omongin,omongkan
diem,diam
nyampah,menyampah
kitaa,kita
yh,ya
mst,mesti
add,ada
see,sih
sibukx,sibuknya
in,ini
katanyaa,katanya
lawaaaas,lawas
ngapain,mengapa
kocaaaak,kocak
cita2,cita-cita
sichhhhhhhhhh,sih
diapain,diapakan
nampak,menampak
tetehh,teteh
kepoin,kepoi
muga,moga
sllu,selalu
bangettttttt,banget
paripurnahh,paripurna
wanitah,wanita
indonesiaah,indonesia
cumn,cuman
gegra,gegara
kmrin,kemarin
brita,berita
gapernah,enggak pernah
fotbar,foto bareng
wajarrr,wajar
sampek,sampai
bingiittt,banget
nampar,menampar
tukan,tukang
jatoh,jatuh
mancungin,memancungkan
idung,hidung
kusem,kusam
drpada,daripada
ngata2in,mengatai-ngatai
cmpur,campur
bkal,bakal
saat2,saat-saat
nyadar,sadar
bka,buka
berani2,berani-berani
sprt,seperti
lucuuuuu,lucu
pipi'y,pipinya
gemmeeezzz,gemas
sukam,suka
manisss,manis
baju2,baju-baju
keche,kece
badaii,badai
mnjadi,menjadi
btuh,butuh
pnting,penting
ktanya,katanya
bebrp,beberapa
sblum,sebelum
santab,santap
salehah,salihah
mikirin,memikirkan
jt,juta
subhannallah,subhanallah
konsul,konsultasi
pengalam,pengalaman
kuninggg,kuning
pinkkkk,pink
warnany,warnanya
seger,segar
senangat,semangat
msknya,masaknya
kerennnn,keren
ciptain,ciptakan
bagussss,bagus
sayangkuh,sayangku
gans,ganteng
kren,keren
babget,banget
dihh,dih
jadu,jadi
astagaaaa,astaga
hancuuuuuy,hancur
mattihhh,mati
beudd,banget
termiribkan,termiripkan
u,lu
wenakk,enak
nganteng,ganteng
abanggg,abang
seksii,seksi
gtuh,begitu
jadii,jadi
emeezzz,gemas
amohhh,kamu
maau,mau
eyke,aku
gilakkkkk,gila
awk,awak
duhhhhh,duh
wowww,wow
liaatt,lihat
iniiiii,ini
aloh,allah
ngettt,banget
maso,masa
ngeliatnya,melihatnya
brubah,berubah
pelastik,plastik
keak,kayak
beud,banget
pahamin,pahami
takuuuuut,takut
ahahahanjirrr,anjir
jogetin,berjoget
shaay,say
boker,berak
nyambung,menyambung
pacarnyaa,pacarnya
siapaa,siapa
matii,mati
ketawaa,ketawa
wanjiir,anjir
dmna,dimana
bw,bawa
minta,meminta
bnran,benaran
uitnya,duitnya
beliiin,belikan
yaaah,ya
macem2,macam-macam
beliin,belikan
tgk,tengok
bkn,bikin
tanyain,tanyakan
jatuhnyaa,jatuhnya
banyakin,membanyaki
gituan,begituan
tpii,tapi
kaj,kak
wahhhhhh,wah
iiiiiiiii,ih
kaliiiiiii,kali
melebihin,melebihi
gakpapa,enggak apa-apa
kalogak,kalau enggak
sm2,sama-sama
ndukung,mendukung
kaaaaa,kak
aamiinnn,amin
skluarga,sekeluarga
suaminga,suaminya
berhijap,berhijab
smgaa,semoga
istiqamah,istikamah
cuaaantikk,cantik
baraang,barang
aamiiin,amin
bets,banget
alhamdulillaaaaah,alhamdulillah
sembuhin,menyembuhkan
pengrusak,perusak
ngoceh,mengoceh
aduhhh,aduh
hpus,hapus
pjang,pajang
bdampingan,berdampingan
bgtuu,begitu
semogaa,semoga
kepelesett,terpeleset
geeelaakk,gila
bolang,bocah petualang
pkek,pakai
lagihh,lagi
hedeuuhh,aduh
stress,stres
lama2,lama-lama
saltummmm,salah kostum
kaga,kagak
mboizzz,bois
ema,emak
gayany,gayanya
cepet,cepat
dirumahny,dirumahnya
yuh,tuh
mrusak,merusak
siapayahh,siapa ya
bilangin,bilang
kostom,kostum
loo,lo
gnii,begini
atuu,satu
pipinyaaa,pipinya
bungkuuuuuuuuusss,bungkus
iiiihhhhhj,ih
emeessss,gemas
pipine,pipinya
glembeeeer,gelambir
lucunaaa,lucunya
cubanget,lucu banget
pengenn,pengin
unyuuk,unyu
dedek,adek
lucunyah,lucunya
mantaaap,mantap
keduaa,kedua
trsrh,terserah
ksih,kasih
seterong,setrong
teyuss,terus
tai,tahi
dengerin,dengarkan
bales,balas
ngertiin,mengerti
rasaiin,rasai
gakusah,enggak usah
disni,disini
sabarrr,sabar
semangaatttt,semangat
bedainnya,membedakannya
keknya,kayaknya
krus,kurus
gaa,enggak
drpd,daripada
elaaaahhhh,alah
cogan,cowok ganteng
kenaliiin,kenalkan
banyak2,banyak-banyak
yo,ya
suko,suka
niih,nih
sihhhh,sih
nnti,nanti
segtu,sebegitu
ngebenci,membenci
bakar2in,bakar-bakari
slmt,selamat
padhe,pakde
yya,ya
atw,atau
dosa2mu,dosa-dosamu
maafin,memaafi
gabisa,enggak bisa
iyuh,ih
iyuuuhhhh,ih
gaje,enggak jelas
gabakal,enggak bakal
sadis2,sadis-sadis
maksir,menaksir
hebatt,hebat
ud,sudah
nahan,menahan
pnya,punya
kafeh,kafe
remang2,remang-remang
mlh,malah
nusuk,menusuk
tinggl,tinggal
dirmh,dirumah
ngaku,mengaku
mbaa,mbak
ityl,itil
ngarang,mengarang
ngehina,menghina
kelas'a,kelasnya
hadeeehhh,aduh
kr,kira
nenek2,nenek-nenek
taux,taunya
ributin,meributkan
brantem,berantem
belain,membela
lipetan,lipatan
nt,nanti
walik,balik
oma2,oma-oma
kellen,kalian
nyerocos,mencerocos
ibuk2,ibu-ibu
ngomenin,mengomentari
niyyyyhhhh,nih
sexi2,seksi-seksi
blik,balik
kenape,kenapa
jilbabnye,jilbabnya
ledkin,meledeki
digabtikan,digantikan
jng,jangan
ngumung,mengomong
prinadi,pribadi
lahh,lah
luh,lu
helooooo,halo
loe,lo
benar2,benar-benar
bhijab,berhijab
lepasin,melepas
pokonya,pokoknya
waduhhh,waduh
ursan,urusan
sudab,sudah
dwsa,dewasa
agma,agama
rpt2,repot-repot
nmr,nomor
romantiz,romantis
murmer,murah meriah
pensaran,penasaran
baru2,baru-baru
tlp,telepon
lainnyaa,lainnya
perbulannn,perbulan
duetin,duet
mudaa,muda
sebenernya,sebenarnya
mrka,mereka
silsturahmi,silaturahmi
dijkt,dijakarta
may,mau
cums,cuma
undangan2,undangan-undangan
past,pasti
anknya,anaknya
ngucapin,mengucapkan
filmny,filmnya
kemariin,kemarin
knpp,kenapa
lggi,lagi
lma,lama
gaprgi,enggak pergi
nnton,menonton
pa2,apa-apa
dtunggu,ditunggu
bagusss,bagus
emeshh,gemas
pacarn,pacaran
ktg,kita
mbaak,mbak
ngalah,mengalah
de,dek
yaaampunnn,ya ampun
kliatanya,kelihatannya
pcaranya,pacarannya
pankapan,kapan-kapan
semangaatt,semangat
mnutup,menutup
apus,hapus
bngatt,banget
dii,di
ooh,oh
hapusin,hapuskan
ngeuh,engah
sneng,senang
mutusin,memutuskan
ngapus,menghapus
fto2,foto-foto
awl,awal
hrus,harus
bngkit,bangkit
mncoba,mencoba
wahhh,wah
mutuain,memutuskan
smw,semua
foto2,foto-foto
geuliiiiiiis,geulis
euyyyyy,euy
widihh,idih
uuh,uh
ngirim,mengirim
ngidam,mengidam
waah,wah
sampis,sampah habis
mampuussss,mampus
diihhhh,dih
hrusnya,harusnya
sabal,sabar
udahlah,sudahlah
kauuuu,kau
sabaro,sabar
eehhh,eh
nyadar,menyadar
iiii,ih
bhet,banget
inggrisny,inggrisnya
tmn2,teman-teman
dsna,disana
nga,enggak
canyk,cantik
bbrp,beberapa
ciyusss,serius
de,deh
cyin,cinta
bangetttttttt,banget
sexi,seksi
bundaaaa,bunda
bangget,banget
bettt,banget
kyknya,kayaknya
cantiiillx,cantik
brapa,berapa
alaami,alami
sabaarrr,sabar
cantiiiikk,cantik
bangeeeeetttt,banget
cannntikk,cantik
banggett,banget
thnan,tahunan
wouww,wow
cantiiikkk,cantik
pen,pengin
catokin,catok
ikut2an,ikut-ikutan
comment2nya,komentar-komentarnya
teman2,teman-teman
lohhh,loh
besar2an,besar-besaran
hilangin,menghilangkan
kereeeeen,keren
bngeet,banget
gemesinnnnn,menggemaskan
ajaibbbbb,ajaib
saayyyyy,say
lohhhh,loh
ganteung,ganteng
bhgia,bahagia
iiiiiiiiii,ih
lucuukk,lucu
keciil,kecil
yakinn,yakin
pentass,pentas
ngarep,mengharap
kepoin,kepo
lucu2,lucu-lucu
yoo,ya
testinya,testimoninya
betuuuuulllllllllllllllll,betul
bisax,bisanya
seburuk2,seburuk-buruk
psti,pasti
nich,nih
ngebedain,membedakan
urusanny,urusannya
tuhanny,tuhannya
brtngkar,bertengkar
hny,hanya
pndapat,pendapat
nmbah,menambah
looh,loh
nambah,menambah
kata2,kata-kata
sharusnya,seharusnya
mngkannya,mangkanya
ngelakuin,melakukan
brarti,berarti
mndpat,mendapat
kpuasan,kepuasan
sgampang,segampang
mlepaskan,melepaskan
diurusin,diurusi
trll,terlalu
sndr,sendiri
sellow,selow
idup,hidup
sbbrnya,sebenarnya
komen2,komen-komen
kasar2,kasar-kasar
semangattt,semangat
nungguin,menunggu
bujukk,bujuk
d.apa,diapa
apain,apai
dsar,dasar
y,nya
benetaran,benaran
bneran,benaran
si,sih
kraya,karya
brg,bareng
btulan,betulan
kha,kah
s,si
s,sih
tutupin,menutupi
wik,wig
ithu,itu
botakin,botaki
botakkkk,botak
bnrn,benaran
week,wig
bronis,brondong manis
gapunya,enggak punya
bkln,bakalan
zama,zaman
gnti,ganti
nmnya,namanya
tapo,tapi
gkk,enggak
petinggi2,petinggi-petinggi
wota2,wota-wota
indefendet,independen
tempat2,tempat-tempat
taik,tahi
yuuuukkk,yuk
dituutup,ditutup
ngayal,mengkhayal
trlalu,terlalu
smvk,sempak
knyataan,kenyataan
njrittt,anjir
selmt,selamat
taz,atas
klhran,kelahiran
pertma,pertama
kelahuran,kelahiran
pertamany,pertamanya
mamax,mamanya
ankx,anaknya
cantip,cantik
klahiran,kelahiran
slmat,selamat
nyah,nya
prtamax,pertamanya
moqa,moga
yq,yang
brbakti,berbakti
gewlaaaaa,gila
hargs,harga
perhatiin,perhatikan
abal2,abal-abal
bantuim,bantu
adl,adalah
pelwak,pelawak
suces,sukses
sucses,sukses
garemin,garami
ngiringan,mengiringi
karir.a,karirnya
aamin,amin
teruz,terus
promoo,promo
ongkirr,ongkir
nyaranin,menyarani
batesin,batasi
ngeidealin,mengidealkan
bhn,bahan
menghilangkn,menghilangkan
le,boleh
ugha,juga
semuaaa,semua
dijadiin,dijadikan
nobar,menonton bareng
rame2,rame-rame
yam,ya
kartunin,kartun
bacaaaa,baca
kta,kita
kyaknya,kayaknya
abez,habis
baaaaaang,bang
ganteeeeng,ganteng
entahhh,entah
gimanaaaa,bagaimana
duuhh,duh
gantengnyaaaa,gantengnya
kpn2,kapan-kapan
pans,fan
kuliyh,kuliah
kenalin,kenalkan
gantengkuuuuuu,gantengku
atassss,atas
orgny,orangnya
owalaah,walah
nengok,menengok
aslinyo,aslinya
alissnyaa,alisnya
masaaaa,masa
adenya,adeknya
komuk,muka
iyaaaa,iya
fakultass,fakultas
smrg,semarang
koq,kok
yyaaa,ya
insonniaaa,insomnia
adekx,adeknya
azaab,azab
gksi,enggak sih
greged,greget
alamiii,alami
ktemu,ketemu
lngsung,langsung
ditayangin,ditayangkan
emank,memang
bikinin,membikin
ngg,enggak
nanget,banget
ngeditnya,mengeditnya
himana,bagaimana
kekgini,kayak begini
subhanaallahh,subhanallah
sangat2,sangat-sangat
terharuuuu,terharu
subhanallahhh,subhanallah
tlsn,tulisan
nagiss,menangis
aneut,banget
allahh,allah
suamiii,suami
aaahh,ah
dcintai,dicintai
lggeng,langgeng
romantisny,romatisnya
duhhh,duh
pcar,pacar
kakanga,kakaknya
slw,selow
cpa,siapa
akuu,aku
aelah,alah
idupnya,hidupnya
orabg,orang
mukanyaa,mukanya
jwb,jawab
kakakny,kakaknya
woooyy,woy
ngelucu,melucu
bukak,buka
mato,mata
kareno,karena
cino,cina
munafikk,munafik
laen,lain
meker,mikir
indoneaia,indonesia
nyalahin,menyalahkan
benarin,membenarkan
jaadii,jadi
apo,apa
nyo,nya
emangnya,memangnya
rumpiin,rumpi
hotak,botak
ikut2,ikut-ikut
ciptain,menciptakan
ajj,saja
mikir2,memikir-mikir
oooh,oh
hidupx,hidupnya
miara,memiara
pegang2,pegang-pegang
ilmh,ilmu
menasehati,menasihati
suka2,suka-suka
kelus,kali
hubngan,hubungan
koclak,kocak
bju,baju
cinggirnyaaaa,cinggirnya
yahhhh,ya
miripppp,mirip
sedikitlaahh,sedikitlah
miriplahhhhhh,miriplah
wiiiihhhhhhhhh,wih
gantheng,ganteng
synk,sayang
ngfans,fan
wooow,wow
panglingg,pangling
artisnyaa,artisnya
dtggu,ditunggu
trnyata,ternyata
bgtttttttt,banget
rapih,rapi
buuun,bun
iyaappps,iya
nih2,nih-nih
baruu,baru
kecptan,kecepatan
scra,secara
rmbutnya,rambutnya
giti,begitu
wrn,warna
ne,ini
cantikkkkk,cantik
fans,fan
loksyut,lokasi syuting
amfun,ampun
k',kak
asuuu,asu
dibls,dibalas
ceklist,ceklis
terusss,terus
tlvn,telepon
trkrim,terkirim
kelaluan,kelakuan
c,sih
gueee,gue
semangatt,semangat
haduh,aduh
mlz,malas
emak2,emak-emak
tante2,tante-tante
dua2nya,dua-duanya
iy,iya
dnk,dong
senyumna,senyumnya
ngejelek2in,menjelek-jelekkan
hotx,hotnya
cwnya,ceweknya
mbaaahhh,mbah
pasangn,pasangan
sttus,status
aama,sama
hadeuuhhhh,aduh
lebar2,lebar-lebar
serasiii,serasi
cocokx,cocoknya
emakx,emaknya
iniiiiiiiiiiiiiii,ini
cocookk,cocok
kll,kalau
cucok,cocok
arghhh,ah
ungkapin,ungkapkan
merrid,merit
neh,nih
cocokkkkk,cocok
yaolohh,ya allah
aee,saja
naggung,menanggung
battt,banget
am,sama
tah,teh
luthuna,lucunya
sie,sih
astagaaa,astaga
suaraynyaa,suaranya
duanyaa,duanya
anjayyyy,anjay
coeggg,coeg
ancur,hancur
koplak,kocak
uaaasssiiiik,asik
boss,bos
gemez,gemas
dede,adek
tium,cium
gemeeezzzz,gemas
ppa,papa
papahhhnya,papahnya
duuuhh,duh
ginting,ganteng
bingiiittzz,banget
iiihh,ih
dedeknya,adeknya
hadeeuh,aduh
geneeee,begini
yooow,ya
gemezz,gemas
gayax,gayanya
infpyunnnn,ampun
paraaah,parah
papiii,papi
kamunyaa,kamunya
ngambek,mengambek
haduuuh,aduh
kapaan,kapan
nginjek,menginjak
putihnyaa,putihnya
rasain,merasai
ituuuu,itu
omaaaaaaakk,oma
loncattt,loncat
didatengin,didatangi
abg,abang
kmariiin,kemarin
kaan,kan
ayoklaa,ayolah
kaliiin,kalian
ujunggg,ujung
laaaah,lah
kaakaaaa,kakak
srruu,seru
kannn,kan
jmpaaaa,jumpa
yukkk,yuk
haii,hai
syukaaakkk,suka
dengeeriin,dengarkan
yakaliiiii,yakali
ngertii,mengerti
nyanyiin,nyanyikan
nyanyiin,menyanyi
apalgi,apalagi
akuh,aku
mesrany,mesranya
ngggk,enggak
coccokk,cocok
mantapp,mantap
klepek2,klepek-klepek
bngtttt,banget
ponakn,ponakan
tantee,tante
gadiss,gadis
tpy,tapi
jnda,janda
bngy,banget
bujngn,bujangan
ngp,mengapa
bawa2,bawa-bawa
dapetin,mendapatkan
nyobain,mencoba
pcaran,pacaran
langgengggg,langgeng
merekak,mereka
kreeenn,keren
abisss,habis
kocaaaakkk,kocak
abiiiss,habis
ampuuun,ampun
iiihhhh,ih
flim.a,filmnya
trusan.a,terusannya
dh,dah
tdung,tudung
gangguin,mengganggu
cntiiikkk,cantik
tegaar,tegar
sktlrang,sekarang
kangeeeennnnn,kangen
nangiis,menangis
nyaaaaaaaaa,nya
sbgai,sebagai
bundaa,bunda
duuhhhhh,duh
gaada,enggak ada
malsudnya,maksudnya
lluuccuu,lucu
siappa,siapa
martabakk,martabak
skali2,sekali-kali
kueren2,keren-keren
abgnya,abangnya
nii,ini
gile,gila
warkop,warung kopi
hayuu,hayo
kenapaa,kenapa
ilang2an,hilang-hilangan
ayooook,ayo
astagaaaaaaaa,astaga
inihhh,ini
oom,om
mansetan,bermanset
meranin,memerankan
cadasss,cadas
kereeeeennn,keren
kgak,kagak
nikmatin,menikmati
mantappp,mantap
mbahh,mbah
giitu,begitu
mtanya,matanya
cpit,sipit
dee,dek
sumvahh,sumpah
tamvann,tampan
yap,ya
guaaaaaaa,gua
capa,sapa
ngakakkk,mengakak
liaat,lihat
gantweng,ganteng
anjjjjjjjj,anjing
gakwad,enggak kuat
seru2,seru-seru
iniii,ini
favoriteeee,favorit
adaa,ada
dinyanyiin,dinyanyikan
seruu,seru
nyengir,menyengir
temennya,temannya
klk,kelak
brjdh,berjodoh
akhrt,akhirat
kangennnnn,kangen
kanggen,kangen
kangennnnnnn,kangen
brjodoh,berjodoh
kaliann,kalian
barengg,bareng
kpnpun,kapanpun
mendj,menjadi
allahhhh,allah
merindinggg,merinding
amiennnn,amien
lhir,lahir
udeh,sudah
menjdi,menjadi
debay,adek bayi
bangeer,banget
lafazd,lafaz
sokk,sok
hub,hubungan
sma2,sama-sama
ngom,mengomong
toloollll,tolol
bodhooo,bodoh
peliharaaaa,pelihara
andaaa,anda
buktinyaaa,buktinya
smuaaa,semua
ngambeknya,mengambeknya
kebongkar,terbongkar
diladenin,diladeni
comen,komen
ngtif,negatif
comntr,komentar
mulutny,mulutnya
msalah,masalah
trserh,terserah
waduuuuh,waduh
ngedukung,mendukung
dihpus,dihapus
mrekaa,mereka
cakeeeeppp,cakep
benerr,benar
baanget,banget
anjaaaayyyyyy,anjay
ngetsz,banget
utkmu,untukmu
anj,anjing
hijap,hijab
ternodain,ternodai
ngeri2,ngeri-ngeri
bljr,belajar
stuju,setuju
sbb,sebab
igtlah,ingatlah
dtgkan,datangkan
benahin,membenahi
ohhhh,oh
jauhh,jauh
bingitt,banget
buka2an,buka-bukaan
ngembali,kembali
sp,sapa
bilng,bilang
kacauuuu,kacau
ngimpi,mimpi
owh,oh
slah,salah
usa,usah
dipikirin,dipikirkan
nunduk,menunduk
tembemmm,tembem
lucuuuuuuuuuu,lucu
bundaaa,bunda
nyubitt,mencubit
hay,hai
supeer,super
brsma,bersama
cantiknyaaaaa,cantiknya
nie,nih
tmbm,tembam
mikirinnn,memikirkan
nyindirin,menyindir
nee,ini
mksdx,maksudnya
melakukn,melakukan
percya,percaya
seorg,seorang
berkluarga,berkeluarga
sendri,sendiri
bntar,bentar
duuuhhh,duh
nmbk,menembak
gakkk,enggak
abiiiiisssss,habis
tikung2,tikung-tikung
cwok,cowok
bangedd,banget
wuastagah,astaga
bedaaa,beda
jaoooh,jauh
mateeeeeeeeeeee,mati
parsis,persis
sumpeh,sumpah
iyh,iya
kmana,kemana
cantiqs,cantik
kecik,kecil
brasa,berasa
trlihat,terlihat
bhw,bahwa
mmberikan,memberikan
khidupan,kehidupan
srpti,seperti
mlu,melulu
sgtu,sebegitu
paati,pasti
th,tahu
khadiran,kehadiran
kel,keluarga
srta,serta
kcil,kecil
mmberi,memberi
kberkahn,keberkahan
kbahagiaan,kebahagiaan
tntram,tentram
brsama,bersama
hngga,hingga
brpndapat,berpendapat
mnilai,menilai
trutama,terutama
hiraukn,hiraukan
diamkn,diamkan
hrsny,harusny
brsyukur,bersyukur
mmberikn,memberikan
rasakn,rasakan
cari2,cari-cari
kesalahanny,kesalahannya
kekuranganny,kekurangannya
seandainy,seandainya
matany,matanya
perasaanny,perasaannya
diindonesis,diindonesia
liyatnya,lihatnya
kayahhh,kaya
ala2,ala-ala
yook,yuk
yoookkkk,yuk
siihh,sih
elus2,elus-elus
asliiiii,asli
aduuhhhh,aduh
belom,belum
dengerin,mendengarkan
jelekin,menjelekkan
btul,betul
kejahatn,kejahatan
bhwa,bahwa
slam,salam
ngelewati,melewati
kalu,kalau
ngerendahin,merendahkan
apaalahh,apalah
tnp,tanpa
menyebut2,menyebut-nyebut
mnt,minta
miriiiiip,mirip
dirimuuu,dirimu
amiiiiinnn,amin
yoiiu,yoi
suka.a,sukanya
jdii,jadi
jnagn,jangan
kcwa,kecewa
siapa2,siapa-siapa
mulutnyaaa,mulutnya
blkng,belakang
kcewa,kecewa
mnusuk,menusuk
blkang,belakang
nembak,menembak
trmanis,termanis
krng,kurang
kaciiaann,kasihan
sok2an,sok-sokan
nyela,mencela
hallooo,halo
halooo,halo
ustzah,ustazah
mn,mana
poooolllll,pol
tahannn,tahan
cuantik,cantik
aduhh,aduh
prlu,perlu
gituuuuu,begitu
kyy,kaya
kngn,kangen
kq,kok
nyesek,menyesak
rinduuuuuuu,rindu
b2,berdua
kangeeeennn,kangen
mg,moga
aamiiiiinnn,amin
gemezzzz,gemas
kangennnnnn,kangen
prh,parah
bakattt,bakat
napsuu,napsu
gemesin,menggemaskan
gmau,enggak mau
luccu,lucu
prasaan,perasaan
gmna,bagaimana
lahirr,lahir
ngingetin,mengingatkan
setujuuuu,setuju
sering2,sering-sering
ceemen,cemen
cerdiik,cerdik
jeniuss,jenius
kurangin,kurangi
kreen,keren
mauuuuuu,mau
mintk,minta
pnjng,panjang
slaluuuuu,selalu
kanggggg,kang
rezeqinya,rezekinya
pintr,pintar
dekk,dek
maw,mau
kura2,kura-kura
edaaann,edan
nempel,menempel
hatiiii,hati
luuuucuuu,lucu
caantiiik,cantik
luucuuu,lucu
siiih,sih
ternyataa,ternyata
rekomendasiin,rekomendasikan
pollll,pol
naaaa,nya
mantapppppp,mantap
jlbb,jilbab
dempga,semoga
selmnya,selamanya
tth,teteh
trusss,terus
ademm,adem
apalagiii,apalagi
passs,pas
beginii,begini
satuu,satu
cuantek,cantik
akuuuur,akur
iniehh,ini
dehhh,deh
sayangx,sayangnya
jodohx,jodohnya
kaliaan,kalian
kmbali,kembali
cantk,cantik
ituuu,itu
kaasian,kasihan
naaahhh,nah
beluumm,belum
sayangggq,sayangku
berenanh,berenang
yuuk,yuk
pacarr,pacar
kuu,ku
bingitss,banget
besokkk,besok
annnnjjjjjjrrrr,anjir
ngeliatin,melihati
ngumbar2,mengumbar-umbar
romantiss,romantis
lucuuuuuuuu,lucu
lgs,langsung
yaang,yang
ngeluarin,mengeluarkan
bangedt,banget
dahh,dah
gde,gede
lutunaaa,lucunya
bikinnn,bikin
keee,ke
bungkuuussss,bungkus
lucux,lucunya
buanyaaak,banyak
aaamiiinnn,amin
aaamiiin,amin
ntap,mantap
abgnyaah,abangnya
mungkiin,mungkin
akuhh,aku
pastii,pasti
manteb,mantap
hiduupppp,hidup
tebel,tebal
nganggepin,menanggapi
perjabatt,pejabat
baikk,baik
semngat,semangat
benneeeeeerr,benar
krjaan,pekerjaan
kdng,kadang
kdang,kadang
knan,kanan
klok,kalau
aamiiiinnnnn,amin
kmren,kemarin
pengennnn,pengin
kann,kan
siiiiiiippppppppp,sip
selaloe,selalu
mauuuu,mau
donggg,dong
beruntungnyaaaa,beruntungnya
soal'y,soalnya
ampunn,ampun
gueeeee,gue
liatt,lihat
gehh,gih
ankknyaaa,anaknya
centilnyaaaaaa,centilnya
gemesshzzzzhzzhzhzhsjssjs,gemas
ngacaaa,mengaca
diaaa,dia
jirr,anjir
kayaa,kaya
cempreeng,cempreng
centillll,centil
pcran,pacaran
jugak,juga
mantep,mantap
anedh,banget
boro2,boro-boro
nyta,nyata
kampungn,kampungan
j,saja
mnghina,menghina
ngolokin,mengolok
than,tahan
dsr,dasar
siriik,sirik
mampuuu,mampu
khan,kan
aduuhh,aduh
cemburuu,cemburu
k,ke
bingitzzzz,banget
tlog,tolong
cuco,cocok
usahh,usah
genittt,genit
kx,kak
mlikk,milik
canci,cantik
aneed,banget
gimanaa,bagaimana
kenalin,memperkenalkan
bagaimanaaa,bagaimana
krudung,kerudung
enakkkkk,enak
poool,pol
jirrrr,anjir
oprasiya,operasinya
uwee,gue
pilihannny,pilihannya
itumahh,itumah
muuuu,mu
uuhhh,uh
berbakiti,berbakti
slmttt,selamat
hbs,habis
tetp,tetap
ditengah2,ditengah-tengah
semuanyaa,semuanya
semuannyaaa,semuanya
aminn2,amin-amin
sempet,sempat
aduuuh,aduh
cakeep,cakep
gimn,bagaimana
smogaaa,semoga
biza,bisa
aamien,amien
lngsing,langsing
wowoooww,wow
senang2,senang-senang
jh,saja
seh,sih
kereeennnn,keren
gilakkk,gila
gtu2,begitu-gitu
gataunya,enggak taunya
gatau,enggak tau
fans2,fan-fan
gaharus,enggak harus
tf,transfer
trf,transfer
byr,bayar
instal,install
verivikasi,verifikasi
lemot,lambat
dngn,dengan
jlk,jelek
apl,aplikasi
gasampe,enggak sampai
apk,aplikasi
tranfer,transfer
pengecekan,cek
pinjem,pinjam
prtama,pertama
muanteb,mantap
pkr,pikir
memuaskan,puas
adm,administrasi
syukak,suka
muantaab,mantap
muantab,mantap
mengecek,cek
indak,tidak
appl,aplikasi
wjah,wajah
kpda,kepada
tbah,tambah
trkndala,terkendala
boz,bos
mayan,lumayan
ribed,susah
ntapz,mantap
ntaps,mantap
nyesel,sesal
kalo,kalau
nonton,tonton
trjadi, terjadi
hub, hubungi
masi, masih
knp,kenapa
skrg,sekarang
bs,bisa
ane,saya
mao,mau
nyoba,coba
stak,stuck
hp,handphone
nontonx,tonton
sj,saja
pd,pada
pda,pada
sy,saya
jdi, jadi
hang, rusak
restar,restart
sdah,sudah
gini,ini
ribet,susah
mesti,harus
reistrasi,registrasi
amat,sangat
aja,saja
ahirnya,akhirnya
hrs,harus
nyoba,coba
org,orang
smua,semua
puny,punya
byarnya,bayar
dc,kartu
krn,karena
bayarny,bayar
sy,saya
uda,sudah
telp,telepon
hape,telepon
ingin,mau
cius,serius
ktnya,katanya
klo,kalau
ttp,tetap
sebelah,lain
dgn,dengan
jd,jadi
bgt,sangat
bln,bulan
tetep,tetap
kalu,kalau
padhal,padahal
k,ke
tp,tapi
jg,juga
utk,untuk
bbrp,beberapa
tlpon,telepon
udh,sudah
trs,terus
smp,sampai
lg,lagi
jg,juga
pakek,pakai
dengngan,dengan
ttep,tetap
app,aplikasi
nntn,tonton
bintanya,bintang
bintan,bintang
burik,jelek
mnt,minta
indo,indonesia
tersendat,sendat
muluk,selalu
muter,putar
bete,kesal
brp,berapa
da,ada
stak,stuck
rese,risih
avis,habis
apdet,update
vilm,film
pke,pakai
ajh,saja
syedih,sedih
sblah,sebelah
pgn,ingin
dsni,disini
sayavsdqh,sudah
tolol,bodoh
ntar,nanti
mensing,mending
keuan,tua
sethuan,tahun
nmr,nomor
tmpat,tempat
lelet,lama
pemberitshusn,informasi
kluar,keluar
opt,otp
dpt,dapat
manabergiga,giga
lgi,lagi
bget,sangat
dr,dari
hri,hari
yt,youtube
smnjak,sejak
ijo,hijau
n,dan
srmua,semua
tsel,telkomsel
kash,kasih
sekrng,sekarang
blum,belum
ngutak,rubah
bintangny,bintang
keteranganny,keterangan
d,ada
diaktivkan,aktif
negar,negara
skr,sekarang
swmpat,sempat
emnag,memang
padhaal,padahal
adapani,apa
buru,cepat
klw,kalau
jgn,jangan
py,punya
maruk,rakus
hny,hanya
krrdit,kredit
ayar,layar
fi,di
tb,tiba
klu,kalau
cmn,hanya
freazz,frezze
fungsinga,fungsi
ilang,hilang
dwonglod,download
kl,kalau
mksh,makasih
buatblangganan,langgan
bsa,bisa
pegenya,page
bhs,bahasa
cc,kredit
mo,mau
maksudx,maksud
epnya,episode
tmn,teman
tolonh,tolong
nyepetin,cepat
sm.sama
brlngganan,langgan
mlulu,terus
percpt,cepat
lengkapn,lengkap
orng,orang
perbayak,banyak
filem,film
ibgin,ingin
ngungsi,pindah
klo,kalau
ufah,sudah
kdg,kadang
ancur,hancur
sndri,sendiri
padhal,padahal
melallui,melalui
byar,bayar
buriq,jelek
demen,suka
bgs,bagus
nnti,nanti
kumplit,komplit
semja,semua
disnye,disney
kurg,kurang
ksl,kesal
cuman,hanya
truss,terus
gmbar,gambar
dlu,dulu
lola,lama
tteap,tetap
brkurang,kurang
duka,suka
pxah,pecah
slalu,selalu
apli,aplikasi
penyedot,ambil
quota,kuota
tetbaru,terbaru
ktk,ketika
pnukaran,penukaran
luamaaaaa,lama
banyk,banyak
sevanding,sebanding
nmor,nomor
prnah,pernah
unk,untuk
bjalan,jalan
downld,download
sayank,sayang
syg,sayang
sngat,sangat
msalah,masalah
burem,buram
Pembayarn,pembayaran
versy,versi
ssmakin,semakin
membanty,membantu
mqsih,masih
tqoi,tapi
ama,sama
thx,makasih
luv,suka
sudh,sudah
senneng,suka
wortit,sepadan
tetoos,terus
byk,banyak
suadah,sudah
nggk,enggga
ggl,gagal
ud,udah
stdkny,setidaknya
ckup,cukup
bro,saudara
cewe,perempuan
cowo,laki-laki
dgn,dengan
aj,saja
gmna,bagaimana
jln,jalan
jgn,jangan
lbh,lebih
kn,kan
klo,kalau
lo,kamu
pls,tolong
scara,secara
skr,sekarang
sna,sana
tmn,teman
yg,yang
tsb,tersebut
udh,sudah
tks,terima kasih
gmn,gimana
dsni,disini
kmn,kemana
hrus,harus
gmn,gimana
ngga,tidak
sma,sama
syp,siapa
tw,tahu
pdhl,padahal
dpt,dapat
pke,pakai
nnti,nanti
kmrn,kemarin
prnh,pernah
sj,saja
bkin,bikin
tnggl,tinggal
dlu,dulu
knp,kenapa
nyari,mencari
krm,kirim
plng,pulang
brng,barang
blg,bilang
bru,baru
sblm,sebelum
mkn,makan
nyampe,sampai
mlh,malah
tuh,itu
gtw,tidak tahu
msi,masih
msih,masih
slh,salah
gw,saya
smp,sampai
bljr,belajar
sdh,sudah
gak,tidak
thn,tahun
sndiri,sendiri
dkit,sedikit
ngk,tidak
sbnrny,sebenarnya
trsbt,tersebut
smg,semoga
trnyata,ternyata
sblmnya,sebelumnya
bsok,besok
prcaya,percaya
slesai,selesai
tjd,terjadi
bs,bisa
smngt,semangat
bljr,belajar
sptny,sepertinya
kdg,kadang
dri,dari
kta,kata
mngkin,mungkin
pkir,pikir
brgkt,berangkat
nnti,nanti
bsar,besar
prnh,pernah
kbtulan,kebetulan
mnrt,menurut
gpp,tidak apa-apa
tpi,tapi
ajja,saja
brp,berapa
ktm,ketemu
yk,yuk
mnta,minta
nmr,nomor
dy,dia
tmpt,tempat
plg,pulang
sdh,sudah
smbil,sambil
kmu,kamu
slalu,selalu
dmn,dimana
cmn,cuma
brgkt,berangkat
pcr,pacar
brkt,berangkat
stlh,setelah
sygn,sayang
mlm,malam
sygn,sayang
pnya,punya
skrg,sekarang
bbrp,beberapa
kmrn,kemarin
cpat,cepat
mslh,masalah
ngpa,kenapa
prtma,pertama
tggu,tunggu
nnti,nanti
skli,sekali
tnpa,tanpa
kcil,kecil
crta,cerita
trima,terima
brhenti,berhenti
ank,anak
nnti,nanti
sruh,suruh
sma,sama
drmh,dirumah
smpt,sempat
dkat,dekat
jwb,jawab
cb,coba
lkngsng,langsung
cb,coba
plng,pulang
tggal,tinggal
sblm,sebelum
pgi,pagi
skrng,sekarang
tjd,terjadi
bbrp,beberapa
mrk,mereka
tw,tahu
km,kamu
dtng,datang
kjadian,kejadian
pcr,pacar
smngt,semangat
bljr,belajar
ngga,tidak
ttp,tetap
pke,pakai
bru,baru
tny,tanya
ngbrol,ngobrol
ngmg,ngomong
crta,cerita
sgr,segera
gila,gila
tjd,terjadi
dpt,dapat
bkn,bukan
mnding,mending
lgsg,langsung
th,tahun
gitu,begitu
hrus,harus
smngt,semangat
hold,tahan
cutloss,potong kerugian
profit,keuntungan
saham,saham
loss,kerugian
buy,beli
sell,jual
tp,target price
avg down,rata-rata turun
portofolio,portofolio
nabung,menabung
dividen,dividen
BEI,Bursa Efek Indonesia
IPO,Penawaran Saham Perdana
RI,Rights Issue
RUPS,Rapat Umum Pemegang Saham
IHSG,Indeks Harga Saham Gabungan
blue chip,saham unggulan
watchlist,daftar pantauan
bandarmologi,analisis aktivitas bandar
charting,analisis grafik
koreksi,penurunan
trend,tren
rally,kenaikan beruntun
breakout,penembusan
support,batas bawah
resistance,batas atas
broker,pialang
cuan,keuntungan
nyangkut,terjebak
koreksi,penurunan
sentimen,sentimen
bullish,naik
bearish,turun
sideways,bergerak mendatar
volatilitas,fluktuasi
liquid,likuid
IPO,penawaran umum perdana
stock split,pemecahan saham
margin call,panggilan margin
short selling,jual kosong
leverage,pengungkit
dividen,dividen
capital gain,keuntungan modal
earning per share,laba per saham
yield,hasil
reksadana,reksa dana
obligasi,obligasi
asuransi,asuransi
investasi,investasi
investor,investor
spekulasi,spekulasi
analisis,analisis
grafik,grafik
indikator,indikator
moving average,rata-rata bergerak
stochastic,stochastic
RSI,indeks kekuatan relatif
candlestick,candlestick
risk management,manajemen risiko
stop loss,batas rugi
cut loss,potong kerugian
take profit,ambil untung
trailing stop,batas rugi mengikuti
diversifikasi,diversifikasi
portofolio,portofolio
return,pengembalian
capital loss,kerugian modal
day trading,perdagangan harian
swing trading,perdagangan ayunan
long term,jangka panjang
short term,jangka pendek
sentiment positif,sentimen positif
sentiment negatif,sentimen negatif
undervalue,undervalued
overvalue,overvalued
growth stock,saham pertumbuhan
value stock,saham bernilai
income stock,saham penghasilan
blue chip,saham unggulan
penny stock,saham gorengan
junk bond,obligasi sampah
ETF,dana yang diperdagangkan di bursa
index fund,dana indeks
mutual fund,reksa dana
hedge fund,dana lindung nilai
private equity,ekuitas swasta
venture capital,modal ventura
share buyback,pembelian kembali saham
stock dividend,dividen saham
cash dividend,dividen tunai
bonus issue,pembagian bonus saham
rights issue,penawaran hak
split off,pemecahan saham
reverse stock split,penggabungan saham
tender offer,penawaran tender
hostile takeover,pengambilalihan paksa
friendly takeover,pengambilalihan ramah
merger,penggabungan
acquisition,akuisisi
due diligence,uji tuntas
IPO lockup,kunci saham IPO
IPO popping,lonjakan IPO
greenfield investment,invetasi lahan hijau
brownfield investment,invetasi lahan coklat
cyclical stock,saham siklus
defensive stock,saham defensif
leveraged buyout,pembelian dengan pengungkit
spin off,pemisahan perusahaan
rebalancing,penyeimbangan kembali
alpha,alpha
beta,beta
sharpe ratio,rasio Sharpe
sortino ratio,rasio Sortino
risk-free rate,tingkat bebas risiko
cost of capital,biaya modal
working capital,modal kerja
operating income,pendapatan operasional
net income,laba bersih
gross profit,laba kotor
operating margin,margin operasional
net margin,margin bersih
equity,ekuitas
debt,utang
cash flow,arus kas
liquidity,likuiditas
solvency,solvabilitas
turnover,perputaran
inventory,inventaris
fixed assets,aset tetap
goodwill,goodwill
impairment,penurunan nilai
amortization,amortisasi
depreciation,depresiasi
CAPEX,belanja modal







audit,audit
external audit,audit eksternal
ajib,ajaib
ampe,sampai
apdet,perbarui
apk,aplikasi
app,aplikasi
asoy,asyik
b aja,biasa saja
bgt,banget
bgd,banget
bgts,bangets
bgs,bagus
bgus,bagus
bkin,bikin
blg,bilang
bljr,belajaran
blm,belum
bnyk,banyak
bo,boleh
bs,bisa
bsa,bisa
btw,ngomong-ngomong
byk,banyak
byr,bayar
cashback,uang kembali
cm,cuma
cpt,cepat
cs,layanan pelanggan
cus,ayo
d,di
dgn,dengan
dikit,sedikit
dl,dulu
dlm,dalam
donlot,unduh
dpn,depan
dr,dari
drpd,daripada
duit,uang
emg,emang
enak,mudah
error,kesalahan
fitur,fasilitas
fix,perbaiki (fix)
fl,follow
follback,follow balik
g,gak
ga,gak
gaje,gak jelas
gampang,mudah
gangguan,masalah
gapapa,gak apa-apa
gatau,gak tau
gbs,gak bisa
gda,gak ada
gg,gak guna
gk,gak
gmna,gimana
gmn,gimana
gp,gak punya
gt,gitu
gtu,gitu
gw,saya/aku
hbs,habis
hp,handphone
hrs,harus
info,informasi
install,pasang
investasi,penanaman modal
j,jadi
jd,jadi
jelek,buruk
jgn,jangan
jln,jalan
jrg,jarang
jual,menjual
k,ke
kdg,kadang
kdg2,kadang-kadang
kebuka,terbuka
kelar,selesai
keren,hebat
kgk,kagak
kira2,kira-kira
kl,kalau
klau,kalau
klo,kalau
klw,kalau
km,kamu
kmn,kemana
ko,kok
krn,karena
krna,karena
kt,kita
kurang,tidak cukup
ky,kayak
kya,kayak
kyk,kayak
lbh,lebih
lg,lagi
lgi,lagi
lgkp,lengkap
liat,lihat
link,tautan
login,masuk
lol,tertawa terbahak-bahak
lu,kamu
lupa,tidak ingat
m,em
mdh2an,mudah-mudahan
mls,malas
mo,mau
moga,moga-moga

n,dan
nah,nah
namanya,disebut
ng,-ing
ngabisin,menghabiskan
ngadat,bermasalah
ngasih,memberi
ngebantu,membantu
ngerti,mengerti
ngga,enggak
nggk,enggak
ngikutin,mengikuti
nilai,harga
nipu,menipu
no,nomor
notif,pemberitahuan
ntar,nanti
nyoba,mencoba
ok,oke
olshop,toko online
org,orang
p,pake
pa,apa
paje,gak jelas
pantes,pantas
pd,pada
pda,pada
pdhl,padahal
pembayaran,proses bayar
pelit,kikir
pengalaman,peristiwa yg dialami
pengen,ingin
perbaiki,membetulkan
pilih,memilih
plg,paling
pngn,pengin
prnh,pernah
proses,cara kerja
psti,pasti
pusing,bingung
pw,password
q,gue
rekomendasi,anjuran
ribet,rumit
rugi,kehilangan uang
saldo,sisa uang
saham,surat berharga
salah,keliru
sama,serupa
saran,masukan
sblm,sebelum
scr,secara
sdh,sudah
sering,kerap kali
sgala,segala
shg,sehingga
sih,sih
skrg,sekarang
slh,salah
sllu,selalu
smartphone,telepon pintar
smua,semua
soal,tentang
soalnya,karena
susah,sulit
sy,saya
t,tidak
tampilan,penampilan
tanda,petunjuk
tdk,tidak
thanks,terima kasih
thx,terima kasih
tiap,setiap
tiba2,tiba-tiba
tjoy,mantap jiwa
tks,terima kasih
tl,timeline
tlg,tolong
tll,terlalu
tmpt,tempat
transaksi,kegiatan jual beli
trf,transfer
trs,terus
trus,terus
tt,tentang
ttg,tentang
tuh,itu
tulisan,teks
tunggu,menunggu
tutorial,panduan
tw,tau
u,you
ud,udah
udah,sudah
udh,sudah
ulasan,review
untung,laba
update,pembaruan
upgrade,peningkatan
url,alamat situs web
user,pengguna
username,nama pengguna
versi,version
via,melalui
w,gue
waduh,aduh
wah,wah
web,situs web
website,situs web
wifi,jaringan internet nirkabel
wktu,waktu
wkt,waktu
khawatir,cemas
x,kali
yg,yang
ywd,ya udah
absen,tidak hadir
acc,terima
aktif,giat
admin,administrator
ad,ada
ads,iklan
ag,agak
aha,aha
ah,ah
ahay,ahay
ak,aku
akn,akan
aktifin,mengaktifkan
ala,ala
alias,alias
all,semua
ama,sama
amat,amat

anjir,anjir
antri,mengantre
anying,anying
apapun,apa pun
apliksi,aplikasi
apalagi,apalagi
aq,aku
ar,are
artikel,tulisan
asat,haus
aset,harta
asli,original
at,at
atm,anjungan tunai mandiri
ato,atau
auto,otomatis
awal,permulaan
awas,hati-hati
ay,ayo
ayo,mari
azab,siksaan
bacot,banyak bicara
bae,baik
bahagia,senang
bahkan,malahan
baik,bagus
bakal,akan
bales,balas
bar,baru
bareng,bersama
gres,baru
bat,baterai
batas,limit
bayar,melunasi
bbrp,beberapa
bca,baca
beda,berlainan
bedain,membedakan
bego,bodoh
beli,membeli
bener,benar
beneran,sungguhan
benefit,manfaat
beres,selesai
berhasil,sukses
berita,kabar
berkurang,menyusut
berguna,bermanfaat
berharap,mengharap
bermasalah,trouble
besar,bongsor
bete,kesal
betul,benar
bgmn,bagaimana
bgt,banget
bgtu,begitu
biar,supaya
bingung,linglung
bisnis,usaha
bisa,dapat
blh,boleh
blokir,menutup akses
bodo,tidak peduli
bokap,bapak
bonus,hadian
bos,atasan
bot,robot
br,baru
brg,barang
brs,beras
bsa,bisa
bsk,besok
bt,bete
btn,butuh tenanga
bu,ibu
buat,bikin
bug,kesalahan program
bukan,tidak
bukti,keterangan
buset,astaga
butuh,membutuhkan
byar,bayar
bye,selamat tinggal
capek,lelah
cashback,uang kembali
cape,lelah
cara,metode
cek,periksa
centang,check mark
chat,obrolan
cihuy,seru
ckp,cukup
closing,penutupan
cocok, sesuai
congrats,selamat
contoh,misalnya
cp,cepat
cpet,cepat
crash,macet
curhat,curahan hati
customer,pelanggan
daftar,mendaftar
dah,sudah
dalem,dalam
dan,serta
dana,modal
dapet,dapat
dari,dr
data,informasi
d bawah,di bawah
d atas,di atas
d dpn,di depan
dkt,dekat
dlu,dulu
dmn,di mana
doang,saja
doi,dia
dpt,dapat
duid,uang

eh,eh





enak,nyaman
end,selesai
entar,nanti
error,salah
event,acara
ex,mantan
eksper,ahli
faktor,unsur
fake,palsu
fans,penggemar
fast,cepat
fav,favorit
feedback,umpan balik
fee,biaya
file,berkas
filter,penyaring
final,akhir
fix,pasti
folder,map
follow,mengikuti
follower,pengikut
following,diikuti
for,untuk
form,formulir
foto,gambar
free,gratis
friend,teman
from,dari
fungsi,kegunaan
FYI,sebagai informasi
gabung,bergabung
g ad,tidak ada
g usah,tidak usah
gagal,tidak berhasil
gaji,upah
galau,bimbang
game,permainan
ganggu,mengganggu
ganti,mengubah
gara2,gara-gara
garing,tidak lucu
gede,besar
geje,tidak jelas
geleng,menggeleng

gem,game
gen,generasi
gengs,teman-teman
gercep,gerak cepat
ges,bagus
get,mendapatkan
gift,hadiah
gila,edan
gini,begini
gip,give
gitu,begitu
gokil,keren
golongan,kelompok

gratis,cuma-cuma
grup,group
gue,saya
guys,teman-teman
hajar,pukul
hal,perihal
halo,hai
handal,ahli
hang,macet
harga,nilai
hasil,akibat
hati2,hati-hati
hebat,luar biasa
heboh,ramai
heh,heh
hei,hei
help,bantuan
heran,tercengang
hey,hai
hi,hai
hilang,lenyap

hoaks,berita bohong
hobby,kegemaran
hp,ponsel
hrs,harus
hsl,hasil
hub,hubungi
hubungan,relasi
hukum,peraturan
ibarat,seperti
icon,ikon
id,identitas
ideal,sempurna
idiot,tolol
ikut,serta
ilmu,pengetahuan
image,citra
info,informasi
ingat,teringat
ini,yang ini
input,masukan
install,memasang
instrumen,alat
intensif,intensif
interest,minat
internet,jaringan internet
investasi,penanaman modal
investor,penanam modal
iseng,coba-coba
isi,konten
istilah,sebutan
issue,masalah
item,barang
itu,yang itu
itung,hitung
izin,permisi
j,jadi
jaga,menjaga
jago,ahli
jahat,buruk
jalanin,menjalani
jarang,tidak sering
jelas,gamblang
jelasin,menjelaskan
jrg,jarang
juga,serta
jualan,berjualan
jujur,apa adanya
jumlah,banyaknya
kab,kab
kabar,berita
kaca,cermin
kagak,tidak
kaga,tidak
kampret,menyebalkan
kan,kan
kapan,bilamana
kartu,card
kasus,perkara
kata,ujar

kaum,golongan
kawan,teman
kayak,seperti

jlaskan,jelaskan
ui,user interface
ux,user experience
rekomendit,rekomendasi
inveastasi,investasi
tnya,tanya
dblas,dibalas
tkut,takut
aplk,aplikasi
diblng,dibilang
diblg,dibilang
emal,email
apps,aplikasi
